{
  "project_info": {
    "project_number": "229817515869",
    "firebase_url": "https://carapp-week8-default-rtdb.firebaseio.com",
    "project_id": "carapp-week8",
    "storage_bucket": "carapp-week8.appspot.com"
  },
  "client": [
    {
      "client_info": {
        "mobilesdk_app_id": "1:229817515869:android:ad856cc2f2f73de9cff2b4",
        "android_client_info": {
          "package_name": "com.example.myapplication"
        }
      },
      "oauth_client": [
        {
          "client_id": "229817515869-lu0c7dlcldr9dr63io8dduovmtc2eja8.apps.googleusercontent.com",
          "client_type": 3
        }
      ],
      "api_key": [
        {
          "current_key": "AIzaSyAkcwe36AUuh_ugsVhFNJsfFBCJDxe8sF8"
        }
      ],
      "services": {
        "appinvite_service": {
          "other_platform_oauth_client": [
            {
              "client_id": "229817515869-lu0c7dlcldr9dr63io8dduovmtc2eja8.apps.googleusercontent.com",
              "client_type": 3
            }
          ]
        }
      }
    }
  ],
  "configuration_version": "1"
}